email,password
kristinecisneros@yahoo.com,]I&V9Zm8
tranwilliam@holmes-russell.org,]4KBx8vF
kennethphillips@payne-parker.com,3S4Mp:xF
justinjohnson@hotmail.com,Pk^s9bP%
wendynguyen@smith-conner.com,fzH.YD)0
elizabeth80@hotmail.com,A;1gd]4v
bernardsarah@monroe.com,@0wGXj}v
aimee67@hotmail.com,"O98,mA8p"
bkey@stein-gardner.com,",3t/0Gj4"
jennifer24@yahoo.com,")36[w,!S"
amandaray@hotmail.com,AH!0S(k>
keith13@yahoo.com,}jv+-7Q+
aramirez@olson.com,_mQn9G$1
foleycrystal@bridges.info,0}jW0#cF
zachary73@yahoo.com,hvl^s+V7
jeffreyrussell@foley.com,DE+y7r^C
xelliott@hotmail.com,/+u*U!1w
michael85@cooper-guerra.biz,B;7Vy3og
bondmichelle@hotmail.com,HU:7P2l&
katherine85@meyer-wilson.com,lKL5#p&D
brian90@chavez.com,/yU:X1e5
egould@flowers.com,603-}yeE
sturner@horn-kelly.com,ZMF6c=%b
norman58@andrews.biz,I$p6[SL]
lcallahan@gmail.com,IQ[eKO02
zscott@brown.com,C0.bYSId
cmills@hotmail.com,(95z:*5S
reedjason@anderson.biz,.COahM1_
xdaniel@hotmail.com,22gGf}Z1
ashley65@yahoo.com,aG^XD514
richardsims@marquez.com,F<m8Z4tP
emason@gmail.com,l3J#LLR^
ncox@campbell-lynch.net,C8tG*F1w
bowenhenry@yahoo.com,#Jq6J$}{
jack52@white-green.com,R1})D$Xu
ngoodwin@yahoo.com,=^cM9-fl
keith61@hotmail.com,4I6tUO}C
amber68@zimmerman.com,#Rs73&fw
johnsonchristine@johnston.com,?z)3P<us
martinezangela@gmail.com,-W.-Sy6F
crystal01@gomez.net,epE<Q1Wb
morrisoncarlos@hotmail.com,*bqCYw1]
patriciaguerra@nelson-peterson.com,V[Z7A^9b
hmeadows@gmail.com,9i3MCb)_
melanie68@yahoo.com,=3-PzJVJ
michellemorris@diaz-melendez.com,"<aD,(0Jb"
sarahdavila@crane.com,aiG9Bk<$
markmiller@wallace.com,=3Ih<5iQ
awebster@hotmail.com,B14$skVr
allisongalvan@yahoo.com,"T,#Bxb<8"
porterann@yahoo.com,%IIz]Io3
wattsleslie@mccormick-wall.com,0DU.3il8
andersonabigail@gmail.com,",D<ml-62"
janetwilson@collier-long.org,D>2xkIe1
mitchellbobby@bell.net,74G85Y$c
joselopez@hotmail.com,=3N)6ler
hlivingston@yahoo.com,{P*aBk1I
scottjohnson@yahoo.com,@%34eAT-
lisa10@yahoo.com,UEx;vy99
jsullivan@gmail.com,MJUpt6T#
chasenguyen@hotmail.com,?.NkqjS9
christophersmith@ferrell.com,@1s}9xV3
cgilbert@brown.com,hH?i6-+T
clarkryan@yahoo.com,q(4A-9x_
cynthia82@yahoo.com,/DP;42-a
ericrodriguez@haynes-shannon.com,YY/y.@c4
xjohnson@gmail.com,"5W5Jg),V"
diazjames@yahoo.com,.+7xZQJ}
clarkandrew@hotmail.com,)Q3n@IP;
leslie37@hotmail.com,V>g#80nc
andrea17@russell.org,)9lEe<kr
tiffany89@sandoval.biz,:HdyX15D
susanhoward@wilson.biz,$N(Q7bP:
erickim@yahoo.com,hN*L9ehL
reesejennifer@hamilton-liu.com,+HIQ6QpE
selenaschaefer@graham.com,O8>_La%x
nathan83@gmail.com,OM-yLk[4
wknight@martinez-carlson.com,7A{=l}c0
deborahhicks@yahoo.com,"NuRyK5b,"
gabriellasmith@parrish.net,9^w&lENX
davidsonaustin@burke-goodman.net,I)5FA&5x
cummingsjoanne@yahoo.com,"@^0Fjx,,"
morrisbelinda@hotmail.com,3uZ)V9Iv
zwang@robinson.biz,{$h1wIe(
christopher85@yahoo.com,%Ek3v<n%
nathaniel69@hotmail.com,&9du8z$H
davislawrence@dixon.com,o)J-B0_y
jennifer24@gmail.com,4:MeRq5-
meadowsronald@hotmail.com,(YE2F^eb
wernersheila@griffin-welch.biz,":#7T92c,"
rachel20@nolan.com,qr5/Fb)8
randymendoza@hotmail.com,8SfK8n#-
glennangela@yahoo.com,"&g,05HC,"
zwilliams@hughes.com,1>_2k&[H
vargasdylan@lopez.com,6)8UnvAt
sharon51@sanchez.com,SR[)ucH0
james31@hotmail.com,7w8>Cyh/
vmiddleton@morris-villa.info,V6eA/]r]
nbarry@hotmail.com,T5kw95*:
gallagherkaitlin@gmail.com,^=_hrN2{
